CODIGO;CONCEPTO;SALDO INICIAL;MOVIMIENTO DEBITO;MOVIMIENTO CREDITO;SALDO FINAL
1635;PROPIEDAD, PLANTA Y EQUIPO;0;0;0;0
163501;EDIFICACIONES;0;0;0;0
163502;PLANTAS, DUCTOS Y TUNELES;0;0;0;0
163503;REDES, LINEAS Y CABLES;0;0;0;0
163504;MAQUINARIA Y EQUIPO;0;0;0;0
163505;EQUIPO MEDICO Y CIENTIFICO;0;0;0;0
163506;MUEBLES, ENSERES Y EQUIPO OFICINA;0;0;0;0
163507;EQUIPOS DE COMUNICACION Y COMPUTO;0;0;0;0
163508;EQUIPOS DE TRANSPORTE, TRACCION;0;0;0;0
163509;EQUIPOS DE COMEDOR, COCINA;0;0;0;0
163510;OTROS BIENES MUEBLES;0;0;0;0
1905;BIENES DE CONSUMO;0;0;0;0
